{
  "seeded_transactions": 2000,
  "seeded_events": 6000,
  "latest_seq_id": 6000,
  "snapshot_latency_ms": 31.819048000000002,
  "stream_catch_up_ms": 2.75704,
  "stream_events_seen": 6000,
  "stream_events_per_sec": 2176246.989524998
}