{
  "seeded_transactions": 2000,
  "seeded_events": 6000,
  "latest_seq_id": 6000,
  "snapshot_latency_ms": 3075.5638740000004,
  "stream_catch_up_ms": 19.090501,
  "stream_events_seen": 6000,
  "stream_events_per_sec": 314292.4326606201
}